Date/Time;TIMESTAMP_START;TIMESTAMP_END;TA_F;SW_IN_POT;SW_IN_F;LW_IN_F;VPD_F;PA_F;P_F;WS_F;WD;USTAR;RH;PPFD_IN;PPFD_OUT;SW_DIF;SW_OUT;LW_OUT;CO2_F_MDS;TS_F_MDS_1;TS_F_MDS_2;TS_F_MDS_3;TS_F_MDS_4;TS_F_MDS_5;SWC_F_MDS_1;SWC_F_MDS_2;SWC_F_MDS_3;G_F_MDS;LE_F_MDS;LE_RANDUNC;H_F_MDS;H_RANDUNC;NIGHT;NEE_VUT_REF;NEE_VUT_REF_JOINTUNC;RECO_NT_VUT_REF;GPP_NT_VUT_REF
42370,02083;201601010000;201601010030;0,82;0;0;315,43;0;96,651;0;5,067;228,1;0,660436;100;0;0;0;0;319,24;457,89;3;3,075;4,48;5,27;6,53;40,532;38,93;43,59;-6,212;-2,81593;11,4761;-15,9569;25,1398;1;0,16602;1,38318;0,274814;0,108794
42370,04167;201601010030;201601010100;0,76;0;0;316,54;0;96,675;0;4,88;228,83;0,610088;100;0;0;0;0;318,77;457,89;3,015;3,085;4,475;5,26;6,52;40,45;38,86;43,51;-6,136;-2,81593;11,4761;-88,0926;30,1024;1;0,318989;0,61968;0,273689;-0,0452995
42370,0625;201601010100;201601010130;0,88;0;0;317,94;0;96,677;0;3,885;233,77;0,643265;100;0;0;0;0;319,61;457,89;3,04;3,095;4,48;5,25;6,52;40,388;38,82;43,46;-6,06;-2,81593;11,4761;-24,2227;28,5504;1;-0,253657;0,582842;0,27594;0,529597
42370,08333;201601010130;201601010200;0,88;0;0;316,63;0;96,694;0;3,621;235,07;0,552541;100;0;0;0;0;319,92;457,89;3,07;3,105;4,47;5,24;6,51;40,502;38,77;43,38;-5,862;-2,81593;11,4534;-15,9373;25,1459;1;0,280571;0,596098;0,27594;-0,00463066
42370,10417;201601010200;201601010230;0,93;0;0;318,29;0;96,718;0;3,527;238,23;0,533965;100;0;0;0;0;320,42;457,89;3,085;3,115;4,475;5,23;6,505;40,288;38,7;43,33;-5,734;-2,96221;11,4345;-28,4974;19,828;1;-0,521534;0,371287;0,27688;0,798414
42370,125;201601010230;201601010300;0,94;0;0;318,01;0;96,712;0;3,442;229,1;0,563708;100;0;0;0;0;320,26;457,89;3,12;3,125;4,47;5,215;6,495;40,362;38,65;43,3;-5,586;-2,96221;11,4534;-50,6842;20,7539;1;0,224023;0,29023;0,277068;0,0530454
42370,14583;201601010300;201601010330;0,91;0;0;318,76;0;96,727;0;2,55;234,97;0,631996;100;0;0;0;0;320,78;457,89;3,14;3,135;4,475;5,205;6,495;40,435;38,61;43,22;-5,402;-2,8694;11,4761;-35,0858;26,4238;1;0,0437941;1,3738;0,276504;0,23271
42370,16667;201601010330;201601010400;0,95;0;0;318,37;0;96,732;0;2,726;231,6;0,593296;100;0;0;0;0;320,74;457,89;3,16;3,15;4,475;5,205;6,485;40,343;38,56;43,22;-5,264;-2,96221;11,4761;-18,3789;25,0915;1;-0,135052;1,31903;0,277257;0,412309
42370,1875;201601010400;201601010430;1,08;0;0;318,18;0;96,724;0;2,777;231,8;-9999;100;0;0;0;0;321,27;457,89;3,18;3,16;4,47;5,19;6,48;40,358;38,54;43,17;-5,146;-3,1335;11,4987;-40,0545;24,8925;1;0,14551;1,38656;0,279707;0,134197
42370,20833;201601010430;201601010500;1,05;0;0;316,44;0;96,715;0;3,951;231,3;0,740355;100;0;0;0;0;320,71;457,89;3,2;3,175;4,475;5,185;6,475;40,22;38,49;43,14;-5,042;-3,1335;11,4987;-34,2483;26,7539;1;0,143157;1,38603;0,279141;0,135984
42370,22917;201601010500;201601010530;0,99;0;0;313,79;0;96,699;0;4,684;232,73;0,822994;100;0;0;0;0;320,05;457,89;3,215;3,185;4,475;5,175;6,465;40,347;38,47;43,09;-5,126;-2,96221;11,4987;-18,3789;25,1126;1;-0,520373;0,621948;0,27801;0,798383
42370,25;201601010530;201601010600;0,94;0;0;305,3;0;96,69;0;5,077;234,57;0,943965;100;0;0;0;0;319,44;457,89;3,205;3,19;4,47;5,165;6,46;40,172;38,42;43,06;-5,272;-2,96221;11,4987;-18,3789;25,1126;1;-0,95835;0,598945;0,277068;1,23542
42370,27083;201601010600;201601010630;0,9;0;0;290,54;0;96,701;0;5,042;235,97;0,824577;100;0;0;0;0;319,23;457,89;3,185;3,19;4,48;5,165;6,455;40,23;38,37;43,03;-5,556;-2,8694;11,5074;-18,1127;31,5078;1;0,599832;0,618106;0,276316;-0,323516
42370,29167;201601010630;201601010700;0,86;0;0;277,36;0;96,706;0;5,115;232,27;0,831886;100;0;0;0;0;318,8;457,89;3,145;3,19;4,475;5,155;6,445;40,227;38,35;42,98;-5,87;-2,81593;11,516;-10,1688;36,173;1;0,238922;0,596663;0,275565;0,0366428
42370,3125;201601010700;201601010730;0,82;0;0;273,39;0;96,706;0;5,103;233,57;0,891937;100;0;0;0;0;318,15;457,89;3,105;3,18;4,48;5,145;6,445;40,315;38,28;42,98;-6,206;-2,81593;11,516;-15,9569;25,1817;1;-0,592808;0,501955;0,274814;0,867622
42370,33333;201601010730;201601010800;0,77;0;0;246,24;0;96,703;0;5,225;233,6;0,887762;100;0;0;0;0;316,2;457,89;3,06;3,165;4,48;5,14;6,435;40,163;38,28;42,93;-6,538;-2,81593;11,5611;-63,0052;36,4939;1;-0,714483;1,18966;0,273877;0,98836
42370,35417;201601010800;201601010830;0,77;0,0756391;0;234,28;0;96,714;0;5,544;233;0,788182;100;2,89;0;0;0;315,9;457,89;2,985;3,145;4,475;5,135;6,425;40,2;38,21;42,91;-7,086;-2,81593;11,5611;-64,0125;38,2558;0;-0,850528;1,12756;0,273877;1,1244
42370,375;201601010830;201601010900;0,88;48,1107;11,72;250,96;0;96,742;0;4,912;235,63;0,733954;100;26,6;0,33;11,18;2,54;316,53;457,89;2,935;3,12;4,46;5,125;6,425;40,28;38,19;42,86;-7,432;-2,68532;11,6062;-45,467;39,2617;0;-0,413384;1,27533;0,27594;0,689324
42370,39583;201601010900;201601010930;0,96;130,998;24,62;271,92;0;96,768;0;4,683;227,77;0,634108;100;58,56;1,53;23,46;1,65;317,41;467,674;2,955;3,1;4,46;5,12;6,415;40,275;38,14;42,83;-7,17;1,64135;11,9479;-21,9722;19,9869;0;-0,335912;0,720031;0,277445;0,613357
42370,41667;201601010930;201601011000;1,07;204,218;48,66;298,83;0;96,793;0;4,528;229,73;0,781053;100;102,75;2,4;50,06;2,57;319,2;469,421;3,02;3,095;4,465;5,11;6,415;40,15;38,12;42,83;-6,508;7,54645;13,9352;-4,34923;17,6965;0;-0,835892;0,759086;0,279518;1,11541
42370,4375;201601011000;201601011030;1,2;266,518;73,71;299,76;0;96,796;0;4,699;231,9;0,685887;100;154,57;3,88;74,07;4,39;320,39;474,913;3,15;3,11;4,455;5,095;6,405;40,135;38,07;42,8;-5,332;11,4694;14,832;-7,6348;10,615;0;-0,47346;0,777045;0,281976;0,755436
42370,45833;201601011030;201601011100;1,35;316,832;78,44;307,03;0;96,805;0;4,233;232,7;0,81351;100;169,35;4,08;78,59;3,9;321,44;472,318;3,26;3,135;4,44;5,095;6,395;40,102;38,07;42,75;-4,472;14,6621;15,3444;-16,4693;12,719;0;-1,22407;0,491357;0,284822;1,50889
42370,47917;201601011100;201601011130;1,49;354,299;49,44;296,42;0;96,788;0;4,816;232,2;0,849077;100;118,76;2,88;45,16;0,66;321,24;463,097;3,355;3,17;4,44;5,085;6,395;40,083;38,02;42,75;-3,788;7,54645;13,9352;17,6483;22,2851;0;-1,07507;0,805399;0,287488;1,36256
42370,5;201601011130;201601011200;1,58;378,278;78,93;298,44;0;96,784;0;4,263;235,13;0,949052;100;174,98;4,61;75,57;4,01;322,14;465,144;3,39;3,205;4,45;5,08;6,385;40,102;38;42,75;-3,772;16,3338;15,4572;8,58928;18,0301;0;-0,766422;0,550563;0,289206;1,05563
42370,52083;201601011200;201601011230;1,74;388,358;117,43;287,9;0;96,777;0;4,065;232,53;0,696911;100;253,4;7,08;114,57;7,04;323,22;469,943;3,47;3,24;4,465;5,07;6,375;40,07;37,98;42,72;-3,276;20,0744;15,7998;21,9967;15,5474;0;-0,0109771;1,34816;0,29227;0,303247
42370,54167;201601011230;201601011300;1,8;384,368;91,25;299,97;0;96,765;0;3,54;232,13;0,725706;100;201,99;5,28;89,47;4,24;323,7;460,433;3,57;3,28;4,505;5,065;6,375;40,123;37,94;42,67;-2,738;17,5274;16,0507;32,1712;13,8348;0;0,0675185;1,35947;0,293422;0,225904
42370,5625;201601011300;201601011330;1,83;366,375;74,78;312,62;0;96,732;0;3,607;229,93;0,608086;100;168,31;4,28;73,68;2,54;323,93;462,63;3,63;3,32;4,5;5,06;6,37;40,12;37,94;42,67;-2,424;14,6621;15,3444;22,9454;15,1222;0;-0,143097;0,175871;0,293999;0,437096
42370,58333;201601011330;201601011400;1,87;334,688;84,24;319,55;0;96,71;0;3,2;225,37;0,617223;100;180,21;4,68;87,86;3,52;324,8;461,326;3,735;3,36;4,515;5,055;6,365;40,125;37,92;42,67;-1,912;16,3338;15,4572;23,4771;16,8873;0;-0,0134901;1,34482;0,294768;0,308258
42370,60417;201601011400;201601011430;2,01;289,848;64,82;320,3;0;96,71;0;2,006;226,33;0,59622;100;142,54;3,68;68,13;1,33;325,23;458,546;3,795;3,41;4,51;5,045;6,355;39,958;37,87;42,65;-1,554;13,8096;15,1378;40,2499;18,4986;0;-0,00163642;1,34816;0,297467;0,299104
42370,625;201601011430;201601011500;2,22;232,623;74,37;312,42;0;96,711;0;2,588;223,83;0,463059;100;158,56;4,21;81,28;1,56;326,24;459,434;3,87;3,45;4,54;5,035;6,35;39,928;37,87;42,6;-1,212;14,6621;15,3444;16,438;24,8929;0;0,0308409;1,36998;0,301532;0,270691
42370,64583;201601011500;201601011530;2,24;163,991;39,68;312,91;0;96,715;0;2,479;221,23;0,549414;100;90,04;2,34;44,32;0;325,32;459,454;3,885;3,495;4,515;5,035;6,35;40,053;37,8;42,6;-1,294;6,42804;13,7207;13,6369;22,8583;0;0,294125;1,41477;0,30192;0,00779551
42370,66667;201601011530;201601011600;2,28;85,1281;25,86;306,91;0;96,696;0;3,006;234,63;0,523666;100;59,31;1,47;29,36;0;324,57;460,692;3,865;3,525;4,525;5,035;6,34;40,015;37,8;42,6;-1,752;-0,0314957;11,695;-11,3299;203,583;0;-0,140667;1,30367;0,302697;0,443364
42370,6875;201601011600;201601011630;2,29;10,1836;4,1;309,04;0;96,696;0;1,847;237,3;0,455311;100;17,18;0;7,25;0;324,34;458,028;3,825;3,54;4,54;5,025;6,335;40,045;37,8;42,57;-2,282;-5,38;11,3806;-12,191;138,495;0;0,401822;1,40873;0,302892;-0,0989304
42370,70833;201601011630;201601011700;2,29;0;0;318,75;0;96,694;0;2,527;238,53;0,300558;100;1,44;0;0;0;324,32;458,028;3,805;3,55;4,565;5,025;6,33;39,965;37,75;42,52;-2,694;-5,54906;11,3806;-10,426;27,8778;1;0,0762107;1,36549;0,302892;0,226681
42370,72917;201601011700;201601011730;2,22;0;0;316,09;0;96,69;0;2,874;226,43;0,474618;100;0;0;0;0;323,79;457,74;3,78;3,55;4,59;5,02;6,325;39,922;37,73;42,52;-2,974;-5,48138;11,3981;-10,4404;31,2797;1;0,0762107;1,36424;0,301532;0,225322
42370,75;201601011730;201601011800;2,21;0;0;312,49;0;96,681;0;2,368;235,5;0,454593;100;0;0;0;0;323,81;457,74;3,76;3,555;4,615;5,015;6,32;40,028;37,73;42,52;-3,18;-5,48138;11,3981;-26,1293;15,4467;1;0,316644;1,39789;0,301338;-0,0153057
42370,77083;201601011800;201601011830;2,12;0;0;311,56;0;96,654;0;1,685;223,27;0,247858;100;0;0;0;0;323,45;457,827;3,74;3,555;4,65;5,01;6,31;39,99;37,66;42,52;-3,35;-5,1422;11,3981;-13,3727;16,3748;1;0,0822671;1,36759;0,299594;0,217327
42370,79167;201601011830;201601011900;2,07;0;0;297,26;0;96,628;0;1,34;197,8;-9999;100;0;0;0;0;322,66;457,827;3,725;3,55;4,62;5,01;6,305;39,888;37,66;42,49;-3,48;-5,02066;11,3981;-20,2118;25,0915;1;0,110438;1,36946;0,298627;0,188189
42370,8125;201601011900;201601011930;2,08;0;0;281,93;0;96,591;0;0,728;164,03;0,318051;100;0;0;0;0;321,09;457,827;3,655;3,545;4,595;5,01;6,3;39,782;37,66;42,44;-3,998;-5,02066;11,3981;-36,9837;27,7913;1;0,0822671;1,36759;0,29882;0,216553
42370,83333;201601011930;201601012000;1,95;0;0;314,49;0;96,575;0;1,179;85,53;0,129039;100;0;0;0;0;322,22;457,826;3,61;3,53;4,61;5;6,295;39,905;37,62;42,44;-4,356;-4,97585;11,3806;-7,33038;26,7213;1;0,110438;1,36946;0,29631;0,185872
42370,85417;201601012000;201601012030;2;0;0;313,63;0;96,54;0;0,977;131,53;0,090945;100;0;0;0;0;323,13;457,826;3,635;3,525;4,63;5;6,29;39,818;37,6;42,44;-4,132;-4,95867;11,3736;-4,3836;26,968;1;0,110438;1,36946;0,297274;0,186836
42370,875;201601012030;201601012100;1,93;0;0;273,2;0;96,489;0;1,194;147,7;0,170139;100;0;0;0;0;320,99;457,887;3,625;3,52;4,625;5;6,28;39,815;37,6;42,44;-4,138;-4,8807;11,3736;-9,63395;27,2321;1;0,110438;1,36946;0,295924;0,185486
42370,89583;201601012100;201601012130;1,82;0;0;306,74;0;96,464;0;1,483;146,5;0,254532;100;0;0;0;0;321,06;457,89;3,54;3,51;4,625;5;6,28;39,91;37,6;42,44;-4,79;-4,33686;11,3408;-14,0256;25,3343;1;0,141181;1,37698;0,293807;0,152626
42370,91667;201601012130;201601012200;1,73;0;0;313,54;0;96,418;0;2,22;134,97;0,307942;100;0;0;0;0;321,35;457,89;3,56;3,495;4,63;4,995;6,275;39,915;37,53;42,44;-4,6;-4,27072;11,3665;-8,9428;22,8217;1;0,141181;1,37698;0,292078;0,150897
42370,9375;201601012200;201601012230;1,62;0;0;312,3;0,007;96,388;0;2,809;122,4;0,53134;99,9;0;0;0;0;320,7;457,89;3,56;3,49;4,64;4,995;6,27;39,94;37,53;42,36;-4,372;-3,43263;11,4345;-5,65455;23,5665;1;0,141181;1,37165;0,289971;0,14879
42370,95833;201601012230;201601012300;1,2;0;0;312,96;0,007;96,357;0;3,032;117,7;0,572247;99,9;0;0;0;0;318,73;457,89;3,55;3,48;4,65;4,995;6,265;39,875;37,53;42,36;-4,338;-3,18497;11,4534;9,31821;26,3531;1;-1,74835;2,31555;0,281976;2,03033
42370,97917;201601012300;201601012330;0,91;0;0;311,66;0;96,332;0;2,56;123,03;0,541965;100;0;0;0;0;317,96;457,89;3,53;3,48;4,655;4,995;6,26;39,865;37,51;42,36;-4,48;-2,8694;11,4534;-6,41235;29,982;1;-3,45908;2,18227;0,276504;3,73558
42371;201601012330;201601020000;0,71;0;0;313,05;0;96,288;0;2,865;98,87;0,51739;100;0;0;0;0;316,75;457,89;3,485;3,47;4,61;4,995;6,26;39,95;37,46;42,36;-4,638;-2,82973;11,4534;-15,312;31,3758;1;-0,0181555;2,12915;0,272754;0,290909
42371,02083;201601020000;201601020030;0,36;0;0;313,05;0;96,258;0;2,436;90,9;0,617329;100;0;0;0;0;315,33;457,89;3,43;3,455;4,615;4,995;6,255;39,885;37,46;42,36;-4,84;-1,04848;11,7317;40,5643;33,6262;1;-0,0151645;0,550882;0,266237;0,281401
42371,04167;201601020030;201601020100;-0,1;0;0;298,02;0;96,24;0;2,193;83,7;0,482837;100;0;0;0;0;313,23;457,89;3,365;3,445;4,635;4,995;6,245;39,903;37,46;42,36;-5,162;-1,46641;11,695;-0,157335;26,5614;1;-0,199898;0,621193;0,257764;0,457662
42371,0625;201601020100;201601020130;-0,67;0;0;272,21;0;96,201;0;2,473;91,5;0,499492;100;0;0;0;0;310,88;457,89;3,275;3,415;4,68;4,99;6,245;39,828;37,44;42,29;-5,754;-1,37535;11,7389;4,77998;26,968;1;1,49388;0,852817;0,247412;-1,24647
42371,08333;201601020130;201601020200;-1,27;0;0;279,56;0;96,193;0;2,27;101,6;0,550342;100;0;0;0;0;308,45;457,89;3,175;3,38;4,655;4,995;6,235;39,678;37,39;42,29;-6,538;-1,37535;11,7389;11,7339;24,9409;1;0,715073;0,621741;0,236697;-0,478376
42371,10417;201601020200;201601020230;-1,36;0;0;302,79;0;96,517;0;2,421;99,4;0,523032;100;0;0;0;0;308,94;457,89;3,06;3,335;4,65;4,99;6,235;39,785;37,39;42,29;-7,004;-1,37535;11,7389;8,7708;72,4323;1;-0,229259;0,438667;0,235106;0,464365
42371,125;201601020230;201601020300;-1,44;0;0;301,94;0;96,538;0;2,674;102,1;0,48173;100;0;0;0;0;308,52;457,89;3,02;3,295;4,65;4,99;6,23;39,862;37,39;42,29;-7,11;-1,37535;11,7389;28,6164;71,2738;1;0,0325763;0,423077;0,233696;0,20112
42371,14583;201601020300;201601020330;-1,58;0;0;302,94;0;96,488;0;2,26;103,47;0,569148;100;0;0;0;0;308,43;457,89;2,995;3,26;4,65;4,99;6,225;39,892;37,39;42,29;-7,198;-1,37535;11,7389;37,9403;76,1204;1;0,50147;0,429385;0,231131;-0,270339
42371,16667;201601020330;201601020400;-1,7;0;0;300,77;0;96,448;0;2,476;103,5;0,546686;100;0;0;0;0;307,95;457,89;2,955;3,225;4,61;4,99;6,225;39,888;37,33;42,29;-7,206;-1,40509;11,7389;19,7639;80,4171;1;0,908707;1,41725;0,228928;-0,679779
42371,1875;201601020400;201601020430;-1,7;0;0;300,79;0;96,437;0;2,135;92,63;0,477604;100;0;0;0;0;308,24;457,89;2,885;3,195;4,58;4,99;6,215;39,735;37,33;42,29;-7,338;-1,40509;11,7389;20,2529;45,2631;1;-0,118876;1,33058;0,228824;0,3477
42371,20833;201601020430;201601020500;-1,67;0;0;301,91;0;96,444;0;2,489;81,13;0,551138;100;0;0;0;0;307,8;457,89;2,86;3,165;4,555;4,98;6,215;39,93;37,33;42,24;-7,418;-1,37535;11,7389;5,07737;56,087;1;0,729712;0,776785;0,229244;-0,500468
42371,22917;201601020500;201601020530;-1,82;0;0;302,84;0;96,411;0;3,241;76,5;0,658856;100;0;0;0;0;306,3;457,89;2,79;3,14;4,54;4,98;6,205;39,745;37,33;42,21;-7,514;-1,37729;11,7389;37,4983;56,3195;1;0,537878;1,3811;0,226529;-0,311349
42371,25;201601020530;201601020600;-1,97;0;0;299,32;0;96,355;0;2,961;77,37;0,553263;100;0;0;0;0;305,99;457,89;2,735;3,11;4,52;4,98;6,205;39,758;37,28;42,21;-7,672;-1,37729;11,7389;39,3542;65,2865;1;1,31299;0,681231;0,223829;-1,08916
42371,27083;201601020600;201601020630;-2,11;0;0;294,14;0;96,277;0;2,566;80,7;0,48996;100;0;0;0;0;304,9;457,89;2,7;3,08;4,495;4,975;6,2;39,873;37,26;42,21;-7,808;-1,38964;11,7389;76,3279;83,3305;1;0,864256;0,632955;0,221315;-0,642941
42371,29167;201601020630;201601020700;-2,31;0;0;296,34;0;96,21;0;2,282;72,56;0,480179;100;0;0;0;0;304,19;457,836;2,645;3,05;4,505;4,97;6,195;39,795;37,26;42,21;-7,922;-1,38964;11,7389;40,6589;16,8068;1;-0,0350244;0,752808;0,217789;0,252814
42371,3125;201601020700;201601020730;-2,37;0;0;299,77;0;96,188;0;2,381;70,21;0,510846;100;0;0;0;0;303,78;457,836;2,61;3,02;4,48;4,97;6,195;39,818;37,26;42,21;-8,016;-1,38964;11,7461;80,1072;79,2923;1;0,630695;0,486504;0,216668;-0,414027
42371,33333;201601020730;201601020800;-2,53;0;0;298,3;0;96,138;0;3,003;64,85;0,618733;100;0;0;0;0;302,63;457,885;2,57;2,99;4,45;4,965;6,19;39,748;37,26;42,21;-8,07;-1,49646;11,7389;72,194;28,328;1;0,496297;1,38051;0,213853;-0,282444
42371,35417;201601020800;201601020830;-2,66;0,160728;0;298,23;0;96,09;0;3,405;76,53;0,716393;100;1,31;0;0;0;302,41;457,737;2,555;2,965;4,44;4,965;6,185;39,82;37,24;42,21;-8,158;-1,72985;11,7389;59,862;14,2248;0;1,19656;1,40641;0,21156;-0,985
42371,375;201601020830;201601020900;-2,66;49,8065;2,34;299,27;0;96,087;0;2,518;74,47;0,574422;100;10,72;0,67;3,71;0;302,39;457,737;2,475;2,93;4,405;4,96;6,185;39,688;37,19;42,21;-8,318;-1,72985;11,7389;46,8187;18,0088;0;1,20097;1,40688;0,211464;-0,989506
42371,39583;201601020900;201601020930;-2,61;132,744;15,85;299,28;0;96,108;0;3,103;85,43;0,661418;100;37,66;2,81;18,43;0,49;302,89;457,737;2,47;2,905;4,395;4,955;6,175;39,638;37,19;42,13;-8,322;-1,77509;11,7317;43,699;17,5189;0;0,617422;1,38647;0,21221;-0,405212
42371,41667;201601020930;201601021000;-2,67;206,009;33,19;299,34;0;96,116;0;3,38;83,43;0,653487;100;71,55;5,41;36,16;3,58;302,58;498,257;2,45;2,875;4,375;4,945;6,175;39,727;37,19;42,13;-8,266;-6,11211;11,4155;64,1693;15,5638;0;-0,559001;0,471993;0,211103;0,770104
42371,4375;201601021000;201601021030;-2,61;268,346;39,83;298,64;0;96,141;0;3,01;81,87;0,719072;100;87,77;6,14;41,5;4,01;303,11;498,257;2,445;2,855;4,36;4,945;6,17;39,727;37,19;42,13;-8,162;-3,87738;11,4838;84,2676;83,3305;0;-0,544112;0,707178;0,212016;0,756128
42371,45833;201601021030;201601021100;-2,5;318,691;48,89;300,23;0;96,19;0;3,312;84,73;0,690651;100;108,87;7,95;50,18;5,19;303,69;498,257;2,445;2,835;4,35;4,94;6,165;39,71;37,19;42,13;-8,024;-2,90749;11,4534;83,8014;83,3305;0;-0,127321;0,64548;0,213775;0,341096
42371,47917;201601021100;201601021130;-2,51;356,18;42,42;300,77;0;96,189;0;3,563;91,77;0,637468;100;97,46;7,21;42,22;4,3;303,63;498,257;2,45;2,815;4,32;4,935;6,165;39,735;37,17;42,13;-7,888;-3,57923;11,4534;25,2329;17,9103;0;-0,164161;0,553089;0,213509;0,37767
42371,5;201601021130;201601021200;-2,42;380,174;56,13;301,27;0;96,222;0;3,3;86,07;-9999;100;125,84;9,35;55,9;6,46;304,16;498,257;2,46;2,8;4,295;4,925;6,16;39,553;37,12;42,13;-7,756;0,195837;11,7828;100,069;88,8105;0;0,199444;1,36241;0,214933;0,0154888
42371,52083;201601021200;201601021230;-2,35;390,26;58,06;301,77;0;96,259;0;3,856;86,07;-9999;100;131,41;9,82;57,97;6,55;304,48;498,257;2,45;2,785;4,31;4,92;6,155;39,697;37,12;42,13;-7,61;0,195837;11,7828;102,538;100,894;0;0,187265;1,35778;0,216021;0,0287556
42371,54167;201601021230;201601021300;-2,42;386,268;65,45;301,5;0;96,247;0;3,838;77,97;-9999;100;146,05;12,89;66,53;9,12;303,32;498,257;2,435;2,78;4,29;4,915;6,15;39,553;37,12;42,11;-7,512;2,08485;11,8842;75,1659;15,9806;0;0,0864932;1,34123;0,214736;0,128243
42371,5625;201601021300;201601021330;-2,53;368,264;57,43;301,13;0;96,204;0;3,821;75,3;-9999;100;128,8;11,15;58,18;7,47;303,15;498,257;2,4;2,77;4,27;4,905;6,15;39,608;37,12;42,08;-7,492;0,195837;11,7828;83,8014;83,3305;0;0,164378;1,34194;0,212782;0,0484036
42371,58333;201601021330;201601021400;-2,51;336,557;51,72;301;0;96,193;0;3,72;77,8;1,00715;100;115,81;9,69;52,39;6,64;303,26;498,257;2,375;2,76;4,295;4,905;6,14;39,64;37,12;42,06;-7,548;-2,47515;11,4987;83,8014;83,3305;0;0,258613;1,36723;0,213021;-0,0455919
42371,60417;201601021400;201601021430;-2,37;291,69;40,55;301,42;0;96,222;0;3,686;82,2;-9999;100;93,2;7,35;41,55;4,13;304,1;498,174;2,365;2,745;4,265;4,895;6,14;39,605;37,1;42,06;-7,59;-3,57923;11,4534;98,847;88,8105;0;0,262039;1,3706;0,215287;-0,0467521
42371,625;201601021430;201601021500;-2,37;234,43;23,98;301,18;0;96,209;0;2,816;82,23;1,08753;100;57,39;4,54;24,48;1,76;303,78;498,174;2,355;2,73;4,255;4,89;6,135;39,623;37,08;42,06;-7,636;-8,24;11,315;99,0606;88,8105;0;0,287997;1,37423;0,215188;-0,0728087
42371,64583;201601021500;201601021530;-2,3;165,757;11,43;301,41;0;96,212;0;3,552;84,13;-9999;100;30,31;2,27;11,95;0;304,18;457,836;2,36;2,72;4,22;4,88;6,135;39,688;37,06;42,06;-7,748;-1,38964;11,695;41,1051;18,0088;0;0,61097;1,38053;0,216274;-0,394696
42371,66667;201601021530;201601021600;-2,25;86,8463;5,57;301,64;0;96,219;0;3,484;85,23;-9999;100;17,53;1;6,53;0;304,35;457,89;2,325;2,7;4,195;4,875;6,13;39,648;37,06;42,06;-7,784;-1,38964;11,695;39,1384;16,0948;0;0,628989;1,37194;0,217023;-0,411966
42371,6875;201601021600;201601021630;-2,14;10,997;0;301,96;0;96,245;0;3,417;75,77;-9999;100;4,26;0;0;0;304,93;457,89;2,305;2,685;4,185;4,865;6,125;39,542;37,06;42,06;-7,838;-1,38964;11,695;36,9117;18,4986;0;0,668077;1,37672;0,218792;-0,449285
42371,70833;201601021630;201601021700;-2,03;0;0;302,06;0;96,276;0;3,451;83,97;-9999;100;0,41;0;0;0;305,3;457,89;2,28;2,67;4,175;4,86;6,125;39,56;37,06;42,06;-7,902;-1,37729;11,7317;33,6302;18,4986;1;0,651413;1,37642;0,220565;-0,430848
42371,72917;201601021700;201601021730;-1,95;0;0;302,25;0;96,306;0;3,009;88,17;0,731656;100;0;0;0;0;305,71;457,89;2,26;2,655;4,17;4,855;6,115;39,535;37,04;42,06;-7,916;-1,37729;11,7317;376,615;96,932;1;0,605087;1,37566;0,221831;-0,383256
42371,75;201601021730;201601021800;-1,83;0;0;302,41;0;96,343;0;3,694;91,03;0,79528;100;0;0;0;0;306,19;457,89;2,275;2,645;4,185;4,85;6,115;39,57;36,99;42,06;-7,896;-1,37729;11,7317;25,4854;16,0829;1;0,808808;1,38612;0,223784;-0,585024
42371,77083;201601021800;201601021830;-1,75;0;0;302,91;0;96,373;0;3,236;90,1;0,765851;100;0;0;0;0;306,43;457,89;2,275;2,63;4,16;4,84;6,11;39,648;36,99;42,06;-7,824;-1,42022;11,7389;33,372;133,977;1;1,01891;1,3947;0,225055;-0,793855
42371,79167;201601021830;201601021900;-1,68;0;0;303,75;0;96,397;0;2,991;89,33;-9999;100;0;0;0;0;306,55;457,89;2,27;2,62;4,14;4,835;6,11;39,498;36,99;42,06;-7,72;-1,37535;11,7389;17,6297;21,927;1;0,474624;1,36247;0,226156;-0,248468
42371,8125;201601021900;201601021930;-1,61;0;0;304,3;0;96,421;0;2,666;93,2;0,893087;100;0;0;0;0;306,85;457,89;2,265;2,605;4,13;4,825;6,105;39,645;36,99;41,98;-7,664;-1,37535;11,7317;94,0868;129,625;1;0,430157;1,36269;0,227259;-0,202898
42371,83333;201601021930;201601022000;-1,59;0;0;304,49;0;96,428;0;2,795;96,8;0,641563;100;0;0;0;0;306,95;457,89;2,27;2,6;4,115;4,82;6,105;39,597;36,99;41,98;-7,596;-1,37535;11,695;15,3528;22,2497;1;0,21571;0,43428;0,227499;0,0117894
42371,85417;201601022000;201601022030;-1,59;0;0;304,24;0;96,426;0;2,513;100,43;0,514713;100;0;0;0;0;307,06;457,89;2,27;2,59;4,12;4,81;6,095;39,615;36,99;41,98;-7,602;-1,37535;11,695;27,0617;35,5527;1;-0,0202655;1,28022;0,227395;0,24766
42371,875;201601022030;201601022100;-1,61;0;0;303,81;0;96,417;0,2;2,156;104,7;0,498294;100;0;0;0;0;307,08;457,89;2,27;2,585;4,13;4,805;6,09;39,462;36,92;41,98;-7,58;-1,37535;11,6583;15,8113;22,2851;1;0,0231502;1,70892;0,226945;0,203795
42371,89583;201601022100;201601022130;-1,64;0;0;303,82;0;96,407;0,3;2,611;98,27;0,547998;100;0;0;0;0;306,74;457,89;2,255;2,575;4,085;4,8;6,085;39,578;36,92;41,98;-7,578;-1,37535;11,6583;-38,9293;28,1075;1;0,643756;1,72435;0,226324;-0,417432
42371,91667;201601022130;201601022200;-1,74;0;0;303,47;0;96,373;0,3;2,614;93,23;0,726472;100;0;0;0;0;305,99;457,89;2,255;2,56;4,065;4,79;6,085;39,672;36,92;41,98;-7,51;-1,40509;11,6583;-64,5651;65,5713;1;3,93893;2,41499;0,224503;-3,71443
42371,9375;201601022200;201601022230;-1,97;0;0;302,45;0;96,298;0,2;2,636;96,63;0,685635;100;0;0;0;0;304,93;457,89;2,275;2,555;4,04;4,785;6,075;39,63;36,92;41,98;-7,402;-1,37729;11,6583;31,0606;18,4986;1;4,28084;2,02162;0,220471;-4,06037
42371,95833;201601022230;201601022300;-2,33;0;0;300,19;0;96,176;0,2;3,422;94,1;0,729439;100;0;0;0;0;303,13;457,836;2,285;2,545;4,045;4,775;6,075;39,492;36,92;41,95;-7,334;-1,38964;11,6583;42,0637;17,5189;1;2,62002;1,42369;0,214282;-2,40574
42371,97917;201601022300;201601022330;-2,91;0;0;297,53;0;95,978;0,3;3,023;90,67;0,732821;100;0;0;0;0;300,91;458,059;2,28;2,54;4,055;4,765;6,07;39,468;36,92;41,9;-7,328;-1,79118;11,6367;54,563;14,5082;1;-0,363321;1,19269;0,204531;0,567852
42372;201601022330;201601030000;-3,26;0;0;296,18;0;95,837;0,3;2,917;92,47;0,920954;100;0;0;0;0;299,76;457,89;2,265;2,53;4,04;4,76;6,07;39,565;36,86;41,9;-7,352;-11,6597;11,0767;70,6203;28,328;1;-0,134321;1,28022;0,198706;0,333027
42372,02083;201601030000;201601030030;-3,51;0;0;294,91;0;95,742;0,2;3,159;87,63;0,885385;100;0;0;0;0;298,43;457,89;2,285;2,525;4,06;4,755;6,065;39,468;36,86;41,9;-7,388;-11,6324;11,0645;73,342;15,9806;1;0,0456186;1,33936;0,194565;0,148947
42372,04167;201601030030;201601030100;-3,72;0;0;294,02;0;95,655;0,2;2,9;87,13;0,685227;100;0;0;0;0;297,57;457,89;2,285;2,515;4,005;4,745;6,065;39,562;36,86;41,9;-7,402;-11,5892;11,0522;76,6853;15,9806;1;0,807755;1,37901;0,191104;-0,616651
42372,0625;201601030100;201601030130;-4,13;0;0;292,16;0;95,523;0,4;3,458;82,5;1,22002;100;0;0;0;0;295,68;457,89;2,27;2,505;3,985;4,735;6,055;39,498;36,86;41,9;-7,42;-11,5075;11,0112;84,8136;86,0705;1;-0,0597298;1,3166;0,18451;0,24424
42372,08333;201601030130;201601030200;-4,32;0;0;291,7;0;95,44;0,4;3,589;86,47;-9999;100;0;0;0;0;294,93;457,89;2,275;2,495;3,965;4,73;6,055;39,435;36,86;41,9;-7,416;-11,3159;10,9702;121,14;65,8928;1;0,797669;1,3792;0,181445;-0,616224
42372,10417;201601030200;201601030230;-4,48;0;0;290,48;0,001;95,379;0,3;3,513;87,17;-9999;99,97;0;0;0;0;294,25;457,89;2,28;2,49;3,955;4,725;6,05;39,46;36,86;41,9;-7,232;-11,2891;10,9702;108,734;100,894;1;0,53036;1,359;0,17887;-0,35149
42372,125;201601030230;201601030300;-4,76;0;0;289,92;0,009;95,281;0,5;3,436;88,37;-9999;99,8;0;0;0;0;292,98;457,89;2,29;2,485;3,945;4,715;6,045;39,575;36,86;41,9;-7,076;-11,1345;10,9428;122,649;-9999;1;0,50651;1,35485;0,174466;-0,332044
42372,14583;201601030300;201601030330;-4,87;0;0;290,23;0,016;95,23;0,3;3,258;91,07;1,05921;99,63;0;0;0;0;292,43;457,89;2,3;2,485;3,94;4,705;6,035;39,46;36,81;41,85;-6,978;-10,8935;10,9173;126,516;-9999;1;0,352314;1,34484;0,172702;-0,179612
42372,16667;201601030330;201601030400;-4,91;0;0;290,33;0,017;95,211;0,3;3,283;88,7;-9999;99,6;0;0;0;0;292,29;457,89;2,305;2,485;3,93;4,705;6,035;39,465;36,79;41,83;-6,888;-10,7933;10,9173;126,516;-9999;1;0,352314;1,34484;0,172012;-0,180302
42372,1875;201601030400;201601030430;-4,93;0;0;289,56;0,017;95,203;0,1;3,206;87,1;-9999;99,6;0;0;0;0;292,18;457,89;2,31;2,485;3,925;4,69;6,025;39,485;36,79;41,83;-6,824;-10,7933;10,9173;126,516;-9999;1;0,352314;1,34484;0,171627;-0,180687
42372,20833;201601030430;201601030500;-4,91;0;0;289,03;0,017;95,207;0,1;2,982;79,57;0,782006;99,6;0;0;0;0;292,2;457,89;2,31;2,485;3,92;4,685;6,025;39,47;36,79;41,83;-6,74;-10,5928;10,9172;126,516;-9999;1;0,352314;1,34484;0,171852;-0,180462
42372,22917;201601030500;201601030530;-4,8;0;0;289,6;0,013;95,241;0,1;2,913;83,43;0,582589;99,7;0;0;0;0;292,63;457,89;2,32;2,495;3,91;4,675;6,02;39,445;36,79;41,83;-6,692;-10,3489;10,9173;32,8379;17,693;1;0,125532;1,33625;0,17345;0,0479181
42372,25;201601030530;201601030600;-4,66;0;0;290,29;0,009;95,29;0,1;2,307;85,93;0,723831;99,8;0;0;0;0;293,32;457,89;2,325;2,495;3,91;4,675;6,015;39,623;36,79;41,83;-6,63;-10,2538;10,9173;122,649;-9999;1;-0,057333;1,3166;0,175515;0,232848
42372,27083;201601030600;201601030630;-4,58;0;0;290,48;0,009;95,318;0;3,211;89,63;-9999;99,8;0;0;0;0;293,62;457,89;2,34;2,495;3,905;4,665;6,01;39,37;36,79;41,83;-6,576;-10,1573;10,9099;119,086;65,8928;1;0,53036;1,359;0,176664;-0,353696
42372,29167;201601030630;201601030700;-4,55;0;0;290,75;0,009;95,332;0;3,212;89,1;-9999;99,8;0;0;0;0;293,51;457,89;2,345;2,5;3,9;4,655;6,005;39,48;36,79;41,8;-6,544;-9,83917;10,8901;168,064;61,697;1;0,53036;1,359;0,177044;-0,353316
42372,3125;201601030700;201601030730;-4,52;0;0;290,73;0,009;95,339;0;3,213;86,13;-9999;99,8;0;0;0;0;293,59;457,89;2,35;2,5;3,9;4,65;6,005;39,415;36,79;41,75;-6,494;-9,8005;10,8901;108,734;100,894;1;0,53036;1,359;0,177424;-0,352936
42372,33333;201601030730;201601030800;-4,49;0;0;290,93;0,009;95,35;0;2,763;90,27;0,730707;99,8;0;0;0;0;293,7;457,89;2,36;2,5;3,9;4,65;6;39,523;36,77;41,75;-6,45;-9,54672;10,9027;108,734;100,894;1;0,53036;1,359;0,177804;-0,352556
42372,35417;201601030800;201601030830;-4,44;0,0903689;0;291,4;0,009;95,364;0,1;3,31;92,47;-9999;99,8;0,41;0;0;0;294,17;457,89;2,365;2,51;3,89;4,64;5,995;39,383;36,75;41,75;-6,406;-9,53371;10,8901;121,14;65,8928;0;0,797013;1,37774;0,178494;-0,618519
42372,375;201601030830;201601030900;-4,44;48,7477;0;291,7;0,009;95,372;0,1;3,358;86,97;-9999;99,8;5,64;0,33;0;0;294,15;457,89;2,37;2,51;3,89;4,63;5,99;39,43;36,73;41,75;-6,37;-9,43463;10,8901;121,14;65,8928;0;0,797013;1,37774;0,17841;-0,618603
42372,39583;201601030900;201601030930;-4,38;132,038;0;292,87;0,009;95,392;0;3,406;93,9;-9999;99,8;10,93;1,47;1,63;0;294,74;457,89;2,375;2,515;3,875;4,625;5,985;39,455;36,73;41,75;-6,328;-9,43463;10,8775;121,14;65,8928;0;0,797013;1,37774;0,179255;-0,617758
42372,41667;201601030930;201601031000;-4,35;205,694;9,49;293,31;0,008;95,412;0;3,454;93,27;-9999;99,83;28,73;4,14;9,48;0;294,7;457,89;2,38;2,515;3,87;4,62;5,985;39,39;36,73;41,75;-6,298;-9,43288;10,8739;121,14;65,8928;0;0,797013;1,37774;0,179636;-0,617377
42372,4375;201601031000;201601031030;-4,46;268,455;15,79;292,22;0,009;95,393;0;3,503;85,8;-9999;99,8;43,92;6,48;15,45;1,82;294,05;457,89;2,39;2,515;3,87;4,61;5,975;39,398;36,73;41,75;-6,252;-9,41894;10,8739;110,199;100,894;0;0,721679;1,36474;0,177853;-0,543826
42372,45833;201601031030;201601031100;-4,5;319,247;23,58;292,76;0,013;95,379;0;1,29;93,1;-9999;99,7;62,47;9,08;22,56;3,55;294,35;420,54;2,395;2,52;3,865;4,61;5,97;39,385;36,73;41,75;-6,214;-6,33502;10,9848;92,9928;86,0705;0;0,110224;1,32836;0,177154;0,0669295
42372,47917;201601031100;201601031130;-4,38;357,202;33,91;294,7;0,01;95,43;0;3,535;95,87;-9999;99,77;87,08;12,56;32,55;5,83;295,19;422,594;2,4;2,52;3,87;4,6;5,97;39,413;36,73;41,75;-6,182;-4,36073;11,315;94,1721;86,0705;0;0,0706328;1,32836;0,178921;0,108288
42372,5;201601031130;201601031200;-4,15;381,669;31,31;298,78;0,006;95,52;0;3,551;93,4;-9999;99,87;81,51;11,36;29,33;4,24;296,74;424,219;2,405;2,52;3,87;4,59;5,965;39,288;36,73;41,75;-6,146;-4,36073;11,315;94,1721;86,0705;0;0,0706328;1,32836;0,182405;0,111773
42372,52083;201601031200;201601031230;-4,05;392,23;28,11;299,69;0,001;95,557;0;3,567;87,2;-9999;99,97;75,12;10,62;26,96;4,1;296,6;424,219;2,41;2,52;3,86;4,59;5,955;39,37;36,73;41,75;-6,114;-6,70454;10,9171;94,1721;86,0705;0;0,0706328;1,32836;0,18388;0,113248
42372,54167;201601031230;201601031300;-3,95;388,705;25,34;301,01;0;95,584;0;3,583;70,68;-9999;100;69,97;10,22;24,3;3,35;296,98;424,219;2,415;2,53;3,86;4,585;5,955;39,245;36,73;41,75;-6,102;-6,33502;10,9173;92,9928;86,0705;0;0,0706328;1,32836;0,18536;0,114727
42372,5625;201601031300;201601031330;-3,83;371,153;28,54;301,81;0;95,629;0,1;3,599;82,13;-9999;100;76,77;11,55;27,33;4,42;297,68;424,219;2,42;2,53;3,855;4,58;5,95;39,422;36,73;41,75;-6,066;-5,19228;11,0767;94,1721;86,0705;0;0,0706328;1,32836;0,187158;0,116526
42372,58333;201601031330;201601031400;-3,6;339,875;24,94;303,73;0;95,704;0,1;3,595;66,27;-9999;100;68,11;10,09;24,61;3,12;298,62;424,219;2,425;2,53;3,85;4,57;5,945;39,325;36,73;41,75;-6,054;-6,33502;10,9173;92,9928;86,0705;0;0,0706328;1,32836;0,190706;0,120073
42372,60417;201601031400;201601031430;-3,42;295,407;25,71;304,33;0;95,765;0;3,592;75,17;-9999;100;67,42;10,29;25,67;3,43;299,31;424,219;2,43;2,535;3,85;4,565;5,94;39,5;36,73;41,75;-6,018;-6,33502;10,9172;92,9928;86,0705;0;0,0706328;1,32147;0,193481;0,122848
42372,625;201601031430;201601031500;-3,24;238,508;14,57;305,26;0;95,819;0;3,588;77,87;-9999;100;43,23;6,75;15,58;0,49;299,86;457,89;2,435;2,53;3,855;4,56;5,935;39,38;36,71;41,75;-6,006;-9,43288;10,8558;73,3085;15,9806;0;0,692457;1,35953;0,196272;-0,496185
42372,64583;201601031500;201601031530;-3,13;170,153;11,2;304,97;0;95,84;0;3,585;95,63;-9999;100;34,5;5,41;12,34;0;300,24;457,89;2,44;2,535;3,855;4,55;5,93;39,33;36,68;41,75;-5,982;-0,726106;11,4987;65,4521;15,7722;0;0,75661;1,36258;0,197949;-0,558661
42372,66667;201601031530;201601031600;-3,08;91,5118;4,93;305,42;0;95,852;0;3,581;73,87;-9999;100;20,55;3,14;6,5;0;300,13;457,89;2,445;2,54;3,845;4,55;5,93;39,292;36,66;41,75;-5,95;-0,726106;11,4987;65,4521;15,7722;0;0,75661;1,36258;0,198662;-0,557948
42372,6875;201601031600;201601031630;-3,1;13,5046;0;304,61;0;95,844;0;3,577;77,6;-9999;100;6,67;0,93;0,98;0;300,08;457,89;2,445;2,54;3,845;4,545;5,92;39,288;36,66;41,75;-5,94;-0,726106;11,4761;65,4521;15,7722;0;0,75661;1,36258;0,198247;-0,558363
42372,70833;201601031630;201601031700;-3,06;0;0;304,54;0;95,848;0;3,599;73,99;-9999;100;0,62;0;0;0;299,86;457,89;2,445;2,54;3,845;4,54;5,915;39,373;36,66;41,7;-5,936;-0,726106;11,4534;62,0969;14,2248;1;0,75661;1,36258;0,198799;-0,557811
42372,72917;201601031700;201601031730;-2,95;0;0;304,25;0;95,873;0;3,621;85,37;-9999;100;0;0;0;0;300,32;458,178;2,445;2,535;3,84;4,535;5,91;39,373;36,66;41,68;-5,934;-1,78975;11,4155;56,6023;14,2248;1;0,75661;1,36258;0,200482;-0,556128
42372,75;201601031730;201601031800;-2,82;0;0;304,55;0;95,913;0;1,728;83,8;-9999;100;0;0;0;0;300,6;458,153;2,45;2,535;3,845;4,53;5,91;39,407;36,66;41,68;-5,924;-1,46331;11,2339;51,5728;14,5082;1;0,773736;1,36498;0,202496;-0,57124
42372,77083;201601031800;201601031830;-2,81;0;0;304,63;0;95,919;0;1,148;84,73;-9999;100;0;0;0;0;300,79;458,153;2,455;2,54;3,845;4,525;5,905;39,525;36,66;41,68;-5,926;-1,46331;11,2339;51,5728;14,5082;1;0,773736;1,36498;0,202563;-0,571173
42372,79167;201601031830;201601031900;-2,85;0;0;305,16;0;95,903;0;3,685;79,03;-9999;100;0;0;0;0;300,63;458,153;2,46;2,54;3,84;4,52;5,9;39,31;36,66;41,68;-5,876;-1,46331;11,0522;51,5728;14,5082;1;0,773736;1,36498;0,201819;-0,571917
42372,8125;201601031900;201601031930;-2,98;0;0;304,15;0;95,862;0;3,707;73,29;-9999;100;0;0;0;0;299,97;458,178;2,46;2,545;3,83;4,515;5,895;39,337;36,66;41,68;-5,866;-1,78975;10,9848;56,6023;14,2248;1;0,75661;1,36018;0,199621;-0,556989
42372,83333;201601031930;201601032000;-3,12;0;0;303,5;0;95,81;0;3,722;81,5;-9999;100;0;0;0;0;299,43;457,89;2,46;2,54;3,835;4,505;5,89;39,413;36,66;41,68;-5,864;-0,726106;11,2339;65,4521;15,7722;1;0,75661;1,36018;0,197274;-0,559335
42372,85417;201601032000;201601032030;-3,2;0;0;302,59;0;95,774;0;3,737;80,71;-9999;100;0;0;0;0;299,13;457,89;2,465;2,55;3,835;4,505;5,885;39,41;36,66;41,68;-5,846;-8,40836;10,721;67,9811;15,9806;1;0,732827;1,36046;0,1959;-0,536927
42372,875;201601032030;201601032100;-3,31;0;0;302,01;0;95,735;0;3,752;75,7;-9999;100;0;0;0;0;298,61;457,89;2,46;2,545;3,835;4,495;5,88;39,292;36,66;41,68;-5,846;-8,34412;10,721;70,6203;28,328;1;0,732827;1,36046;0,194052;-0,538775
42372,89583;201601032100;201601032130;-3,43;0;0;300,47;0;95,682;0;3,767;79,93;-9999;100;0;0;0;0;298,02;457,89;2,465;2,54;3,835;4,495;5,875;39,278;36,66;41,68;-5,844;-8,21049;10,7101;73,342;15,9806;1;0,732827;1,36046;0,192054;-0,540773
42372,91667;201601032130;201601032200;-3,52;0;0;299,9;0;95,647;0;3,44;82,13;1,06068;100;0;0;0;0;297,77;457,89;2,465;2,545;3,83;4,495;5,87;39,355;36,66;41,68;-5,836;-8,05976;10,6993;73,342;15,9806;1;0,732827;1,36046;0,190539;-0,542288
42372,9375;201601032200;201601032230;-3,58;0;0;298,96;0;95,621;0;3,797;82,8;-9999;100;0;0;0;0;297,4;457,89;2,465;2,545;3,835;4,485;5,87;39,465;36,66;41,68;-5,828;-8,0447;10,7101;73,342;15,9806;1;0,732827;1,36046;0,189503;-0,543324
42372,95833;201601032230;201601032300;-3,67;0;0;297,33;0;95,588;0;3,842;76,2;-9999;100;0;0;0;0;296,66;457,89;2,465;2,545;3,835;4,485;5,865;39,35;36,71;41,68;-5,836;-7,96544;10,7469;76,6853;15,9806;1;0,732827;1,36002;0,187999;-0,544829
42372,97917;201601032300;201601032330;-3,74;0;0;296,28;0;95,562;0;3,888;75,81;-9999;100;0;0;0;0;296,51;457,89;2,465;2,545;3,835;4,475;5,86;39,36;36,73;41,68;-5,804;-7,91678;10,7469;76,6853;15,9806;1;0,732827;1,36002;0,186813;-0,546014
42373;201601032330;201601040000;-3,75;0;0;295,25;0;95,547;0;3,934;87;-9999;100;0;0;0;0;296,49;457,89;2,465;2,545;3,825;4,475;5,855;39,34;36,73;41,68;-5,798;-7,90961;10,7728;76,6853;15,9806;1;0,732827;1,36002;0,186568;-0,546259
42373,02083;201601040000;201601040030;-3,78;0;0;294,59;0;95,535;0;3,98;81,1;-9999;100;0;0;0;0;296,32;457,89;2,465;2,545;3,825;4,47;5,85;39,282;36,73;41,68;-5,796;-7,87019;10,7902;76,6853;15,9806;1;0,733419;1,36003;0,186012;-0,547407
42373,04167;201601040030;201601040100;-3,88;0;0;293,46;0;95,507;0;4,026;77,83;-9999;100;0;0;0;0;295,77;457,89;2,47;2,545;3,815;4,465;5,845;39,383;36,73;41,68;-5,8;-7,73354;10,7728;79,2006;81,3114;1;0,766614;1,36005;0,184366;-0,582248
42373,0625;201601040100;201601040130;-3,91;0;0;293,34;0;95,485;0;4,072;81,07;-9999;100;0;0;0;0;295,82;457,89;2,47;2,545;3,83;4,46;5,845;39,375;36,73;41,68;-5,78;-7,60824;10,7728;79,2006;81,3114;1;0,766614;1,36005;0,183813;-0,582801
42373,08333;201601040130;201601040200;-3,91;0;0;293,06;0;95,479;0;3,987;81,17;-9999;100;0;0;0;0;295,83;457,89;2,47;2,545;3,815;4,46;5,84;39,365;36,73;41,68;-5,764;-7,60496;10,7469;79,2006;81,3114;1;0,766614;1,35958;0,183726;-0,582888
42373,10417;201601040200;201601040230;-3,95;0;0;293;0;95,472;0;3,903;71,78;-9999;100;0;0;0;0;295,48;457,89;2,47;2,545;3,81;4,455;5,835;39,47;36,73;41,68;-5,762;-7,49648;10,721;81,1462;83,3305;1;0,79283;1,37161;0,183019;-0,609811
42373,125;201601040230;201601040300;-4;0;0;291,88;0;95,455;0;3,818;69,76;-9999;100;0;0;0;0;295,06;457,89;2,47;2,54;3,805;4,45;5,835;39,373;36,73;41,68;-5,752;-7,43962;10,721;81,1462;83,3305;1;0,79283;1,37161;0,182159;-0,610671
42373,14583;201601040300;201601040330;-4,06;0;0;291,95;0,001;95,432;0;3,734;73,24;-9999;99,97;0;0;0;0;294,69;457,89;2,47;2,54;3,8;4,445;5,83;39,385;36,73;41,68;-5,744;-7,3686;10,7469;81,1462;83,3305;1;0,79283;1,37161;0,181147;-0,611683
42373,16667;201601040330;201601040400;-4,19;0;0;292,19;0,006;95,385;0;3,649;83,97;-9999;99,87;0;0;0;0;294,38;457,89;2,47;2,54;3,805;4,445;5,825;39,43;36,73;41,68;-5,738;-7,23214;10,721;94,503;86,0705;1;0,913896;1,38095;0,179064;-0,734832
42373,1875;201601040400;201601040430;-4,31;0;0;292;0,012;95,338;0;3,565;87,17;-9999;99,73;0;0;0;0;293,97;457,89;2,47;2,54;3,795;4,435;5,82;39,373;36,73;41,68;-5,73;-7,05426;10,7469;116,22;100,894;1;0,797669;1,37327;0,177145;-0,620524
42373,20833;201601040430;201601040500;-4,36;0;0;293,9;0,013;95,318;0,4;3,54;92,57;-9999;99,7;0;0;0;0;294,01;457,89;2,47;2,54;3,8;4,435;5,82;39,193;36,79;41,68;-5,72;-6,97403;10,7728;121,14;65,8928;1;0,797013;1,37327;0,1763;-0,620713
42373,22917;201601040500;201601040530;-4,34;0;0;293,1;0,013;95,319;0,3;3,515;80,97;-9999;99,7;0;0;0;0;293,79;457,89;2,47;2,54;3,79;4,43;5,815;39,34;36,79;41,68;-5,722;-6,93293;10,7728;121,14;65,8928;1;0,797013;1,37495;0,176521;-0,620492
42373,25;201601040530;201601040600;-4,33;0;0;291,96;0,013;95,314;0,1;3,49;75,77;-9999;99,7;0;0;0;0;293,58;457,89;2,47;2,54;3,79;4,43;5,805;39,307;36,79;41,68;-5,698;-6,78656;10,7902;121,14;65,8928;1;0,797013;1,37495;0,176589;-0,620424
42373,27083;201601040600;201601040630;-4,42;0;0;291,08;0,016;95,292;0,2;3,465;79,23;-9999;99,63;0;0;0;0;293,13;457,89;2,47;2,54;3,78;4,425;5,8;39,31;36,79;41,68;-5,71;-6,6509;10,839;121,14;65,8928;1;0,797013;1,37495;0,175139;-0,621874
42373,29167;201601040630;201601040700;-4,47;0;0;291,15;0,018;95,271;0,3;3,44;81,53;-9999;99,6;0;0;0;0;293;457,89;2,47;2,54;3,785;4,415;5,805;39,282;36,79;41,68;-5,708;-6,50204;10,839;108,734;100,894;1;0,53036;1,359;0,174299;-0,356061
42373,3125;201601040700;201601040730;-4,48;0;0;291,76;0,018;95,262;0,3;3,415;88,83;-9999;99,6;0;0;0;0;293,17;457,89;2,465;2,535;3,785;4,415;5,8;39,303;36,79;41,68;-5,714;-6,42547;10,8704;108,734;100,894;1;0,53036;1,359;0,174065;-0,356295
42373,33333;201601040730;201601040800;-4,48;0;0;292,45;0,021;95,257;0,2;3,291;89,9;-9999;99,53;0;0;0;0;293,75;457,89;2,46;2,535;3,79;4,405;5,8;39,203;36,79;41,68;-5,708;-6,27256;10,8775;108,734;100,894;1;0,53036;1,359;0,173982;-0,356378
42373,35417;201601040800;201601040830;-4,56;0,210959;0;292,35;0,025;95,231;0,1;3,167;76,82;-9999;99,43;0,96;0;0;0;293,22;457,89;2,46;2,535;3,78;4,405;5,795;39,215;36,79;41,68;-5,706;-6,16822;10,9172;108,734;100,894;0;0,53036;1,359;0,172693;-0,357666
42373,375;201601040830;201601040900;-4,71;50,7652;1,7;291,14;0,03;95,187;0,2;3,043;68,58;-9999;99,3;11,27;2,34;4,43;0;292,52;457,89;2,455;2,53;3,78;4,405;5,785;39,312;36,79;41,68;-5,73;-6,16822;10,9172;122,649;-9999;0;0,50651;1,359;0,170362;-0,336148
42373,39583;201601040900;201601040930;-4,69;134,114;14,37;293,2;0,029;95,202;0,1;2,919;78,5;-9999;99,33;32,58;7,75;17,96;0,95;293,14;457,89;2,455;2,525;3,79;4,4;5,785;39,252;36,79;41,75;-5,734;-6,00783;10,9848;127,396;-9999;0;0,435476;1,35485;0,17058;-0,264896
42373,41667;201601040930;201601041000;-4,6;207,82;24,53;298,21;0,027;95,249;0;2,795;75,33;-9999;99,37;47,22;12,89;29,08;3,46;293,31;398,891;2,455;2,525;3,785;4,395;5,775;39,24;36,79;41,75;-5,732;-1,50177;11,4345;92,9928;86,0705;0;0,0706328;1,32147;0,171846;0,101213
42373,4375;201601041000;201601041030;-4,53;270,625;32,75;299,53;0,026;95,296;0,1;2,671;65,79;-9999;99,4;59,45;16,9;36,5;5,89;294,13;399,17;2,455;2,525;3,78;4,395;5,775;39,295;36,79;41,75;-5,738;0,967356;11,6367;94,1721;86,0705;0;0,0706328;1,32793;0,172815;0,102182
42373,45833;201601041030;201601041100;-4,41;321,452;47,5;304,86;0,026;95,363;0,2;2,522;59,83;-9999;99,4;70,52;25,12;47,97;10,3;294,82;398,721;2,445;2,525;3,78;4,39;5,77;39,333;36,79;41,75;-5,736;3,88693;11,6583;94,3603;86,0705;0;0,0706328;1,32955;0,17454;0,103907
42373,47917;201601041100;201601041130;-4,29;359,433;73,97;307,47;0,025;95,472;0;2,372;41,81;-9999;99,43;98,49;37,81;71,99;18,18;295,66;401,217;2,445;2,525;3,775;4,385;5,77;39,205;36,84;41,78;-5,738;12,5267;15,699;102,804;100,894;0;-0,348649;1,18663;0,176271;0,52492
42373,5;201601041130;201601041200;-3,8;383,917;80,06;311,48;0,012;95,652;0;2,223;68,68;-9999;99,73;104,81;41,42;78,43;19,74;298,06;429,39;2,445;2,52;3,78;4,385;5,765;39,19;36,86;41,83;-5,742;13,7769;16,1514;95,489;88,8105;0;-0,348649;1,18663;0,18368;0,532329
42373,52083;201601041200;201601041230;-3,53;394,486;99,22;312,54;0,013;95,797;0;2,074;41,08;-9999;99,73;127,15;49,9;101,83;25,63;299,5;429,39;2,44;2,52;3,775;4,38;5,75;39,297;36,86;41,83;-5,742;23,3204;16,6552;97,779;88,8105;0;-0,183279;1,27788;0,187777;0,371056
42373,54167;201601041230;201601041300;-3,56;390,958;77,89;308,94;0,013;95,775;0,2;1,925;54,01;-9999;99,73;100,21;40,21;79,97;18,87;299,13;429,39;2,435;2,52;3,775;4,375;5,75;39,195;36,86;41,83;-5,752;12,5267;15,3474;102,804;100,894;0;-0,348649;1,18663;0,18722;0,535869
42373,5625;201601041300;201601041330;-3,72;373,394;58,07;311,15;0,011;95,686;0,2;1,776;55,92;-9999;99,77;73,26;32,6;54,89;14,03;298,53;429,875;2,435;2,515;3,76;4,375;5,745;39,222;36,86;41,83;-5,776;8,04287;13,7799;94,3603;86,0705;0;-0,155435;1,2637;0,184651;0,340086
42373,58333;201601041330;201601041400;-3,48;342,094;28,11;311,27;0;95,679;0;1,708;83;-9999;100;39,24;18,24;28,16;4,41;299,18;429,738;2,43;2,51;3,76;4,365;5,74;39,297;36,86;41,83;-5,766;-2,21778;11,0522;94,1721;86,0705;0;0,0706328;1,32411;0,188286;0,117653
42373,60417;201601041400;201601041430;-3,62;297,595;33,62;309,97;0,003;95,628;0;1,641;68,73;-9999;99,93;44,12;20,17;33,16;6,23;298,49;429,738;2,42;2,51;3,76;4,365;5,735;39,242;36,92;41,85;-5,768;0,967356;11,5764;247,595;80,8213;0;0,0706328;1,32411;0,186021;0,115388
42373,625;201601041430;201601041500;-3,52;240,657;24,65;308,55;0;95,631;0;1,574;99,83;-9999;100;33,06;14,83;24,59;3,75;299,28;429,738;2,42;2,505;3,75;4,365;5,73;39,17;36,92;41,9;-5,778;-1,50177;11,2339;92,9928;86,0705;0;0,0706328;1,3166;0,187483;0,116851
42373,64583;201601041500;201601041530;-3,49;172,255;9,7;308,97;0;95,619;0,1;1,507;118,57;-9999;100;17,53;7,81;11,15;0;299,33;457,89;2,42;2,5;3,745;4,36;5,73;39,252;36,92;41,9;-5,78;-6,00783;10,9171;73,342;15,9806;0;0,732827;1,3495;0,18786;-0,544967
42373,66667;201601041530;201601041600;-3,43;93,559;11,66;309,93;0;95,642;0;1,44;121,93;-9999;100;17,94;8,28;14,67;0;299,62;457,89;2,41;2,5;3,74;4,355;5,725;39,27;36,92;41,9;-5,794;-6,00756;10,9171;73,342;15,9806;0;0,732827;1,34824;0,188703;-0,544124
42373,6875;201601041600;201601041630;-3,36;14,6264;0;310,88;0;95,644;0;0,684;120,27;0,410076;100;5,29;2,34;3,88;0;299,74;457,89;2,41;2,495;3,74;4,355;5,725;39,315;36,92;41,9;-5,796;-6,17014;10,9171;73,342;15,9806;0;0,732827;1,34824;0,189704;-0,543123
42373,70833;201601041630;201601041700;-3,34;0;0;309,86;0;95,64;0;1,333;112,03;-9999;100;0,55;0;0;0;299,94;457,89;2,4;2,495;3,735;4,35;5,72;39,292;36,97;41,9;-5,8;-6,17014;10,9171;70,6203;28,328;1;0,732827;1,34824;0,189925;-0,542902
42373,72917;201601041700;201601041730;-3,37;0;0;309,45;0;95,624;0;1,293;59,34;-9999;100;0;0;0;0;299,35;457,89;2,4;2,49;3,735;4,345;5,715;39,248;36,99;41,9;-5,794;-6,22248;10,8973;73,342;15,9806;1;0,732827;1,34824;0,189366;-0,543461
42373,75;201601041730;201601041800;-3,54;0;0;309,47;0;95,574;0;0,636;52,32;0,137447;100;0;0;0;0;298,88;457,89;2,4;2,49;3,73;4,34;5,71;39,295;36,99;41,9;-5,792;-6,12231;10,9172;187,426;69,4224;1;0,732827;1,34824;0,186634;-0,546193
42373,77083;201601041800;201601041830;-3,57;0;0;310,15;0;95,557;0;1,212;44,58;-9999;100;0;0;0;0;298,75;457,89;2,395;2,485;3,73;4,34;5,71;39,34;37,04;41,98;-5,792;-6,11888;10,9172;73,342;15,9806;1;0,732827;1,34824;0,18608;-0,546747
42373,79167;201601041830;201601041900;-3,45;0;0;312,57;0;95,584;0;1,172;133,9;-9999;100;0;0;0;0;299,93;457,89;2,395;2,485;3,73;4,335;5,705;39,273;37,06;41,98;-5,796;-6,09955;10,9172;73,342;15,9806;1;0,732827;1,3449;0,18785;-0,544977
42373,8125;201601041900;201601041930;-3,29;0;0;312,85;0;95,639;0,1;1,132;121;-9999;100;0;0;0;0;300,62;457,89;2,385;2,48;3,73;4,335;5,705;39,435;37,06;41,98;-5,798;-6,1391;10,9172;342,437;77,5953;1;0,732827;1,3449;0,190249;-0,542578
42373,83333;201601041930;201601042000;-3,14;0;0;313,51;0;95,702;0,1;1,077;86,99;-9999;100;0;0;0;0;301,31;457,89;2,385;2,475;3,715;4,325;5,7;39,322;37,08;41,98;-5,804;-0,726106;11,4534;65,4521;15,7722;1;0,75661;1,34157;0,192503;-0,564107
42373,85417;201601042000;201601042030;-3,02;0;0;313,77;0;95,737;0;1,023;63,96;-9999;100;0;0;0;0;301,84;458,178;2,385;2,475;3,72;4,325;5,695;39,333;37,12;41,98;-5,796;-0,429896;11,4155;58,7122;14,8943;1;0,75661;1,33944;0,194294;-0,562316
42373,875;201601042030;201601042100;-2,88;0;0;313,92;0;95,791;0,1;0,968;103,46;-9999;100;0;0;0;0;302,73;458,059;2,38;2,47;3,71;4,32;5,69;39,24;37,12;41,98;-5,79;-1,79118;11,4155;54,563;14,5082;1;0,773736;1,3449;0,196408;-0,577328
42373,89583;201601042100;201601042130;-2,77;0;0;313,36;0;95,831;0;0,914;86,18;-9999;100;0;0;0;0;303,18;458,153;2,375;2,465;3,715;4,315;5,685;39,288;37,12;41,98;-5,77;-1,46331;11,4155;51,1946;14,5082;1;0,76088;1,33732;0,198054;-0,562826
42373,91667;201601042130;201601042200;-2,67;0;0;312,03;0;95,865;0;0,859;59,23;-9999;100;0;0;0;0;303,18;457,737;2,375;2,465;3,715;4,315;5,685;39,322;37,17;41,98;-5,764;-1,72985;11,4345;46,8187;18,4986;1;0,76088;1,33732;0,199546;-0,561334
42373,9375;201601042200;201601042230;-2,63;0;0;311,73;0;95,865;0;0,804;33,88;-9999;100;0;0;0;0;303,24;457,737;2,37;2,465;3,715;4,315;5,685;39,305;37,19;41,98;-5,78;-1,72985;11,4345;46,8187;18,4986;1;0,76088;1,33636;0,200086;-0,560794
42373,95833;201601042230;201601042300;-2,53;0;0;318,8;0;95,91;0;0,859;18,6;-9999;100;0;0;0;0;303,74;457,885;2,365;2,46;3,71;4,31;5,675;39,26;37,19;41,98;-5,786;-1,49646;11,4155;-47,6296;76,7854;1;0,724072;1,33634;0,201583;-0,522489
42373,97917;201601042300;201601042330;-2,53;0;0;317,75;0;95,911;0;0,913;25,12;-9999;100;0;0;0;0;303,29;457,885;2,365;2,46;3,695;4,305;5,675;39,428;37,21;41,98;-5,79;-1,49646;11,4155;181,85;77,1478;1;0,724072;1,33634;0,201485;-0,522587
42374;201601042330;201601050000;-2,1;0;0;317,13;0;96,017;0;0,967;222,8;-9999;100;0;0;0;0;304,35;457,89;2,365;2,455;3,69;4,305;5,67;39,38;37,26;41,98;-5,794;-1,38964;11,4534;36,9782;18,7136;1;0,651413;1,33534;0,208293;-0,44312
42374,02083;201601050000;201601050030;-2,31;0;0;317,25;0;96,017;0;1,021;9,36;-9999;100;0;0;0;0;303,02;457,836;2,36;2,45;3,695;4,295;5,665;39,35;37,31;42,06;-5,79;-1,38964;11,4534;40,6589;18,0088;1;0,649542;1,33532;0,204809;-0,444733
42374,04167;201601050030;201601050100;-2,69;0;0;315,27;0;95,887;0;1,075;32,58;-9999;100;0;0;0;0;302,28;457,725;2,355;2,45;3,69;4,295;5,665;39,337;37,33;42,06;-5,788;-1,67059;11,4155;48,2407;16,8068;1;0,76088;1,33541;0,198651;-0,562229
42374,0625;201601050100;201601050130;-2,63;0;0;314,91;0;95,871;0;0,751;99,72;-9999;100;0;0;0;0;303,97;457,737;2,355;2,445;3,69;4,29;5,66;39,41;37,39;42,06;-5,8;-1,72985;11,4345;115,596;100,894;1;0,76088;1,33541;0,199506;-0,561374
42374,08333;201601050130;201601050200;-2,7;0;0;314,16;0;95,85;0;1,149;66,96;-9999;100;0;0;0;0;302,53;457,725;2,35;2,44;3,685;4,285;5,655;39,345;37,44;42,06;-5,78;-1,52491;11,4155;49,9901;15,4432;1;0,76088;1,33538;0,198301;-0,562579
42374,10417;201601050200;201601050230;-2,71;0;0;314,31;0;95,838;0;1,168;87,42;-9999;100;0;0;0;0;302,56;458,153;2,345;2,44;3,685;4,285;5,65;39,36;37,46;42,06;-5,784;-1,46331;11,4155;51,1946;14,5082;1;0,76088;1,33538;0,198046;-0,562834
42374,125;201601050230;201601050300;-2,63;0;0;313,94;0;95,853;0;1,187;121,03;-9999;100;0;0;0;0;303,15;457,737;2,345;2,44;3,675;4,285;5,645;39,322;37,53;42,06;-5,792;-1,72985;11,4345;46,8187;18,4986;1;0,76088;1,33538;0,199216;-0,561664
42374,14583;201601050300;201601050330;-2,59;0;0;314,68;0;95,878;0;1,207;57,77;-9999;100;0;0;0;0;303,8;457,737;2,345;2,43;3,67;4,275;5,645;39,315;37,6;42,06;-5,772;-1,59608;11,4155;235,342;80,8213;1;0,733429;1,33539;0,199754;-0,533675
42374,16667;201601050330;201601050400;-2,47;0;0;317,2;0;95,915;0,1;1,226;8,26;-9999;100;0;0;0;0;304,53;457,885;2,345;2,43;3,67;4,275;5,64;39,365;37,66;42,06;-5,776;-1,4994;11,4155;38,7525;18,0088;1;0,724072;1,33538;0,201563;-0,522509
42374,1875;201601050400;201601050430;-2,28;0;0;317,37;0;95,973;0;1,246;29,82;-9999;100;0;0;0;0;305,05;457,89;2,345;2,43;3,66;4,275;5,64;39,44;37,73;42,06;-5,78;-1,38964;11,4534;38,811;18,0088;1;0,650384;1,33534;0,204497;-0,445887
42374,20833;201601050430;201601050500;-2,32;0;0;315,24;0;95,953;0;1,276;55,4;-9999;100;0;0;0;0;303,47;457,836;2,34;2,43;3,66;4,265;5,635;39,472;37,8;42,11;-5,766;-1,38964;11,4534;42,0637;17,5189;1;0,649542;1,33529;0,203758;-0,445784
42374,22917;201601050500;201601050530;-2,34;0;0;315,84;0;95,931;0;1,307;97,5;-9999;100;0;0;0;0;304,12;457,836;2,34;2,43;3,66;4,265;5,635;39,42;37,82;42,13;-5,748;-1,38964;11,4534;42,0637;17,5189;1;0,649542;1,33529;0,203339;-0,446203
42374,25;201601050530;201601050600;-2,25;0;0;318,01;0;95,973;0;1,338;340,63;-9999;100;0;0;0;0;304,91;457,89;2,34;2,425;3,66;4,26;5,63;39,31;37,87;42,13;-5,73;-1,38964;11,4534;38,811;18,0088;1;0,650384;1,33534;0,204678;-0,445706
42374,27083;201601050600;201601050630;-2,25;0;0;314,89;0;95,971;0,1;1,369;105,19;-9999;100;0;0;0;0;304,73;457,89;2,34;2,42;3,655;4,255;5,625;39,398;37,87;42,13;-5,748;-1,38964;11,4534;38,811;18,0088;1;0,650384;1,33534;0,204579;-0,445805
42374,29167;201601050630;201601050700;-2,07;0;0;317,33;0;96,041;0,1;1,925;151,93;0,590325;100;0;0;0;0;305,93;457,89;2,335;2,42;3,67;4,25;5,62;39,403;37,87;42,13;-5,736;-1,37729;11,4534;-25,8406;80,2643;1;0,651413;1,33537;0,207365;-0,444049
42374,3125;201601050700;201601050730;-2,1;0;0;317,75;0;96,032;0;1,43;39,44;-9999;100;0;0;0;0;304,91;457,89;2,33;2,415;3,7;4,245;5,615;39,377;37,87;42,13;-5,714;-1,38964;11,4847;36,9782;18,7136;1;0,651413;1,33633;0,206782;-0,444631
42374,33333;201601050730;201601050800;-2,2;0;0;318,75;0;95,996;0;2,661;6,74;0,29734;100;0;0;0;0;304,43;457,89;2,33;2,41;3,705;4,245;5,615;39,297;37,87;42,13;-5,712;-1,38964;11,4847;36,9117;18,7136;1;0,650384;1,33729;0,205079;-0,445305
42374,35417;201601050800;201601050830;-2,44;0,149082;0;318,76;0;95,945;0;1,342;303,44;-9999;100;0,96;0,33;0,92;0;303,78;457,836;2,32;2,41;3,695;4,245;5,615;39,495;37,87;42,13;-5,71;-1,38964;11,4847;45,4297;18,4986;0;0,667348;1,33728;0,201158;-0,46619
42374,375;201601050830;201601050900;-1,11;50,0128;0,72;319,81;0;96,276;0;1,298;244,53;-9999;100;8,52;3,01;8,17;0;305,04;457,89;2,325;2,41;3,665;4,235;5,61;39,417;37,87;42,13;-5,694;-1,37535;11,4847;11,7339;25,1737;0;0,26767;1,33536;0,222597;-0,0450731
42374,39583;201601050900;201601050930;-1,85;133,72;3,35;319,77;0;96,175;0;1,254;267,04;-9999;100;13,54;4,74;10,1;0;303,83;457,89;2,325;2,41;3,66;4,235;5,605;39,413;37,87;42,13;-5,686;-1,37729;11,4847;27,1499;16,4851;0;0,591363;1,34488;0,2104;-0,380963
42374,41667;201601050930;201601051000;-2,13;207,824;21,61;319,18;0;96,091;0;1,209;26,63;-9999;100;36,22;12,76;32,07;0,58;303,25;498,174;2,32;2,41;3,65;4,235;5,6;39,498;37,87;42,13;-5,684;0,46647;11,6367;79,2272;81,3114;0;0,287997;1,33897;0,205798;-0,082199
42374,4375;201601051000;201601051030;-2,56;271,057;12,32;318,54;0;95,991;0;1,165;4,06;-9999;100;27,63;9,62;20,72;0;302,52;457,737;2,325;2,4;3,635;4,23;5,595;39,425;37,87;42,13;-5,662;-1,59608;11,4345;45,8994;18,4986;0;0,695594;1,33938;0,198869;-0,496725
42374,45833;201601051030;201601051100;-2,72;322,336;23,35;317,84;0;95,928;0;1,147;12,15;-9999;100;40,62;14,23;31,61;0,93;302,25;498,257;2,315;2,4;3,625;4,225;5,595;39,447;37,87;42,13;-5,636;0,46647;11,5764;79,8078;81,3114;0;0,297207;1,33692;0,196258;-0,100949
42374,47917;201601051100;201601051130;-2,57;360,785;34,52;318,72;0;95,974;0;1,129;11,88;-9999;100;54,23;19,04;43,34;3,98;302,7;498,257;2,315;2,4;3,62;4,225;5,59;39,45;37,87;42,13;-5,638;2,85461;11,6583;82,3404;81,3114;0;0,258613;1,34661;0,198518;-0,0600953
42374,5;201601051130;201601051200;-2,41;385,745;65,19;318,25;0;96,083;0;1,111;2,77;-9999;100;91,82;31,86;75,11;12,93;303,88;498,257;2,315;2,395;3,63;4,215;5,585;39,547;37,94;42,16;-5,618;12,6112;16,0507;75,1659;15,9806;0;0,0864932;1,31453;0,200945;0,114452
42374,52083;201601051200;201601051230;-2,16;396,79;45,83;315,32;0;96,231;0;1,093;23,03;-9999;100;72,03;24,65;58,87;8,34;304,27;498,174;2,315;2,395;3,615;4,215;5,585;39,538;37,98;42,21;-5,606;6,36159;13,7492;81,8775;81,3114;0;0,262039;1,33776;0,204817;-0,057222
42374,54167;201601051230;201601051300;-2,19;393,73;63,64;311,98;0;96,105;0;1,076;77,1;-9999;100;93,68;30,93;74,6;12,41;304,77;498,257;2,315;2,395;3,61;4,21;5,575;39,483;38,02;42,21;-5,612;7,34742;13,7492;59,315;14,8943;0;0,0999954;1,31307;0,204239;0,104243
42374,5625;201601051300;201601051330;-1,84;376,618;63,58;312,77;0;96,252;0;1,058;28,84;-9999;100;94,5;31,26;76,1;12,64;306,33;498,257;2,315;2,395;3,61;4,21;5,575;39,557;38,09;42,21;-5,606;7,34742;13,7492;59,315;14,8943;0;0,0999954;1,31307;0,20974;0,109744
42374,58333;201601051330;201601051400;-2,06;345,746;79,42;294,16;0;96,211;0;1,075;48,3;-9999;100;115,74;37,54;94,5;17,14;304,43;497,682;2,315;2,395;3,61;4,21;5,575;39,557;38,14;42,21;-5,602;12,2567;15,3414;75,9146;15,9806;0;0,0126617;1,31094;0,206111;0,193449
42374,60417;201601051400;201601051430;-1,91;301,644;53,68;306,09;0;96,214;0;1,092;100,54;-9999;100;81,37;26,99;66,85;10,1;305,89;498,174;2,315;2,39;3,605;4,205;5,565;39,557;38,16;42,21;-5,584;8,91649;13,7799;81,8775;81,3114;0;0,199444;1,32291;0,20841;0,00896606
42374,625;201601051430;201601051500;-1,73;245,065;30,65;309,17;0;96,22;0;1,109;43,75;-9999;100;52,65;17,17;40,84;3,64;306,41;488,9;2,31;2,39;3,6;4,2;5,565;39,605;38,21;42,21;-5,584;2,85461;11,6583;80,8305;81,3114;0;0,262039;1,33776;0,211202;-0,0508371
42374,64583;201601051500;201601051530;-1,41;176,977;10,3;313,32;0;96,272;0;1,126;141,9;-9999;100;27,08;8,75;19,26;0;307,49;457,89;2,305;2,39;3,6;4,2;5,565;39,655;38,23;42,21;-5,588;-1,37535;11,4534;11,8981;24,989;0;0,284024;1,33631;0,216281;-0,0677433
42374,66667;201601051530;201601051600;-1,71;98,5456;1,56;310,72;0;96,17;0;1,143;40,58;-9999;100;11,62;3,67;7,75;0;305,44;457,89;2,31;2,39;3,595;4,195;5,56;39,525;38,28;42,21;-5,558;-1,40509;11,4847;17,9506;21,4858;0;0,474624;1,33545;0,211317;-0,263307
42374,6875;201601051600;201601051630;-2,37;17,6984;0;307,39;0;95,929;0;1,16;54,22;-9999;100;5,29;1,6;2,44;0;302,68;457,836;2,305;2,385;3,595;4,195;5,555;39,625;38,28;42,21;-5,574;-1,38964;11,4847;43,5341;17,5189;0;0,649542;1,33939;0,200691;-0,448851
42374,70833;201601051630;201601051700;-2,65;0;0;305,91;0;95,797;0;1,153;100,03;-9999;100;1,1;0;0;0;302,33;457,737;2,305;2,38;3,59;4,19;5,555;39,515;38,28;42,21;-5,578;-1,72985;11,4534;46,8187;18,4986;1;0,76088;1,33944;0,196199;-0,564681
42374,72917;201601051700;201601051730;-2,78;0;0;305,58;0;95,747;0;1,145;38,97;-9999;100;0;0;0;0;301,74;458,153;2,3;2,385;3,585;4,18;5,555;39,638;38,28;42,21;-5,572;-1,46331;11,4345;51,1946;14,5082;1;0,76088;1,33732;0,194077;-0,566803
42374,75;201601051730;201601051800;-3,08;0;0;301,11;0;95,645;0;1,138;31,16;-9999;100;0;0;0;0;299,64;457,89;2,3;2,38;3,585;4,18;5,545;39,633;38,28;42,21;-5,55;-0,726106;11,4847;65,4521;15,7722;1;0,75661;1,33636;0,189344;-0,567266
42374,77083;201601051800;201601051830;-3,43;0;0;301,41;0;95,524;0;1,131;34,99;-9999;100;0;0;0;0;298,75;457,89;2,3;2,38;3,585;4,18;5,54;39,67;38,28;42,21;-5,538;-4,92769;11,315;73,342;15,9806;1;0,732827;1,33636;0,183904;-0,548923
42374,79167;201601051830;201601051900;-3,42;0;0;305,52;0;95,492;0;1,124;46,35;-9999;100;0;0;0;0;299,03;457,89;2,3;2,375;3,59;4,17;5,535;39,72;38,28;42,21;-5,538;-4,8817;11,315;73,342;15,9806;1;0,732827;1,33636;0,183966;-0,548861
42374,8125;201601051900;201601051930;-3,5;0;0;306,11;0;95,472;0;1,116;38,93;-9999;100;0;0;0;0;298,63;457,89;2,3;2,375;3,59;4,17;5,535;39,667;38,28;42,21;-5,528;-4,8817;11,315;73,342;15,9806;1;0,732827;1,33636;0,182663;-0,550164
42374,83333;201601051930;201601052000;-3,61;0;0;303,19;0;95,434;0;1,109;26,32;-9999;100;0;0;0;0;297,5;457,89;2,3;2,38;3,58;4,17;5,53;39,803;38,28;42,21;-5,528;-4,57922;11,1959;73,342;15,9806;1;0,732827;1,33636;0,180913;-0,551914
42374,85417;201601052000;201601052030;-3,94;0;0;300,33;0;95,314;0;1,101;70,8;-9999;100;0;0;0;0;296,12;457,89;2,3;2,37;3,575;4,165;5,53;39,708;38,28;42,21;-5,516;-4,57922;11,315;81,1462;83,3305;1;0,79283;1,34484;0,175885;-0,616945
42374,875;201601052030;201601052100;-3,97;0;0;303,55;0;95,276;0;1,093;79,89;-9999;100;0;0;0;0;297,05;457,89;2,295;2,37;3,575;4,16;5,525;39,715;38,28;42,21;-5,496;-4,15967;11,0767;81,1462;83,3305;1;0,79283;1,3415;0,175353;-0,617477
42374,89583;201601052100;201601052130;-3,81;0;0;305,26;0;95,324;0;1,085;103,37;-9999;100;0;0;0;0;297,81;457,89;2,295;2,37;3,575;4,16;5,525;39,693;38,23;42,21;-5,488;-4,15967;11,0767;76,6853;15,9806;1;0,733419;1,33538;0,177648;-0,555771
42374,91667;201601052130;201601052200;-3,78;0;0;298,68;0;95,317;0;1,078;67,72;-9999;100;0;0;0;0;297,06;457,89;2,29;2,365;3,58;4,155;5,52;39,688;38,21;42,29;-5,478;-4,084;11,1162;76,6853;15,9806;1;0,733419;1,33538;0,178008;-0,555411
42374,9375;201601052200;201601052230;-3,86;0;0;302,16;0,001;95,292;0;1,07;75,83;-9999;99,97;0;0;0;0;297,2;457,89;2,29;2,365;3,57;4,15;5,515;39,775;38,21;42,29;-5,468;-3,66398;11,4155;79,2006;81,3114;1;0,766614;1,3354;0,176727;-0,589887
42374,95833;201601052230;201601052300;-4,01;0;0;303;0,005;95,265;0,1;1,094;28,34;-9999;99,9;0;0;0;0;295,9;457,89;2,295;2,365;3,565;4,15;5,515;39,712;38,16;42,29;-5,468;-3,66398;11,4345;81,1462;83,3305;1;0,79283;1,3415;0,174414;-0,618416
42374,97917;201601052300;201601052330;-4,28;0;0;302,25;0,01;95,169;0,1;1,118;54,68;-9999;99,77;0;0;0;0;294,95;457,89;2,295;2,365;3,565;4,15;5,52;39,81;38,14;42,29;-5,464;-3,42554;11,4155;116,22;100,894;1;0,797669;1,34148;0,170354;-0,627315
